image_id,stratum,decode_route,img_w,img_h,decode_ms,a640_n,a640_top_conf,a640_top_area_frac,a640_suspicious,a640_ms,a1280_n,a1280_top_conf,a1280_top_area_frac,a1280_suspicious,a1280_ms,tile_n,tile_top_conf,tile_top_area_frac,tile_suspicious,tile_ms,tile_ran,diag_max_conf
17994,det_small,raw_preview,3936,2624,448.3,1,0.4606,0.02988,0,125.7,1,0.846,0.027186,0,199.3,1,0.4606,0.02988,0,125.7,0,0.4606
43405,det_small,raw_preview,3936,2624,406.7,1,0.3901,0.025721,0,51.7,3,0.7729,0.019683,0,59.2,1,0.3901,0.025721,0,51.7,0,0.3901
72411,det_small,raw_preview,8256,5504,578.1,1,0.4256,0.034449,0,330.1,1,0.7618,0.024399,0,317.5,1,0.4256,0.034449,0,330.1,0,0.4256
190891,det_small,raw_preview,8256,5504,546.4,2,0.6019,0.035494,0,254.9,1,0.8681,0.032796,0,304.8,2,0.6019,0.035494,0,254.9,0,0.6019
43391,det_small,raw_preview,3936,2624,652.4,1,0.8022,0.030374,0,57.3,1,0.7904,0.022435,0,73.8,1,0.8022,0.030374,0,57.3,0,0.8022
17247,det_small,raw_preview,8256,5504,696.0,1,0.6431,0.029574,0,360.9,1,0.8437,0.02097,0,413.1,1,0.6431,0.029574,0,360.9,0,0.6431
48203,det_small,raw_preview,8256,5504,666.6,1,0.6091,0.026288,0,263.4,1,0.8665,0.020752,0,370.2,1,0.6091,0.026288,0,263.4,0,0.6091
23777,det_small,raw_preview,3936,2624,419.5,1,0.8351,0.035407,0,76.3,3,0.8609,0.018606,0,115.7,1,0.8351,0.035407,0,76.3,0,0.8351
154254,det_small,raw_preview,8256,5504,741.8,1,0.5483,0.038952,0,403.3,1,0.8429,0.033316,0,391.0,1,0.5483,0.038952,0,403.3,0,0.5483
135041,det_small,raw_preview,8256,5504,683.5,1,0.7229,0.02465,0,298.8,1,0.8856,0.021219,0,341.1,1,0.7229,0.02465,0,298.8,0,0.7229
65088,det_small,raw_preview,3936,2624,387.2,1,0.3652,0.036009,0,65.1,1,0.7999,0.033996,0,112.0,1,0.3652,0.036009,0,65.1,0,0.3652
67958,det_small,raw_preview,8256,5504,835.8,1,0.8621,0.031625,0,321.5,2,0.9025,0.029231,0,383.5,1,0.8621,0.031625,0,321.5,0,0.8621
42961,det_small,raw_preview,3936,2624,492.1,2,0.6846,0.028516,0,65.9,2,0.9045,0.023393,0,114.5,2,0.6846,0.028516,0,65.9,0,0.6846
192187,det_small,raw_preview,8256,5504,848.1,1,0.818,0.039616,0,367.7,1,0.9032,0.035311,0,393.9,1,0.818,0.039616,0,367.7,0,0.818
37606,det_small,raw_preview,8256,5504,617.0,1,0.6004,0.035039,0,265.2,1,0.8784,0.02856,0,394.5,1,0.6004,0.035039,0,265.2,0,0.6004
43313,det_small,raw_preview,3936,2624,453.6,1,0.6166,0.032209,0,73.5,4,0.6681,0.02371,0,112.5,1,0.6166,0.032209,0,73.5,0,0.6166
6681,det_small,raw_preview,6048,4024,491.9,1,0.7591,0.02632,0,173.2,4,0.9024,0.023775,0,223.1,1,0.7591,0.02632,0,173.2,0,0.7591
13205,det_small,raw_preview,8256,5504,788.2,1,0.6295,0.038713,0,312.8,2,0.8903,0.035257,0,342.1,1,0.6295,0.038713,0,312.8,0,0.6295
4135,det_small,raw_preview,8256,5504,620.7,1,0.3057,0.034268,0,289.8,1,0.9217,0.032365,0,330.3,1,0.3057,0.034268,0,289.8,0,0.3057
42962,det_small,raw_preview,3936,2624,473.2,2,0.7666,0.025537,0,65.8,2,0.8697,0.022547,0,113.3,2,0.7666,0.025537,0,65.8,0,0.7666
42432,det_small,raw_preview,8256,5504,668.1,1,0.652,0.027956,0,350.4,1,0.9049,0.023959,0,392.8,1,0.652,0.027956,0,350.4,0,0.652
37282,det_small,raw_preview,8256,5504,609.9,1,0.7081,0.036908,0,279.5,1,0.8774,0.028109,0,316.9,1,0.7081,0.036908,0,279.5,0,0.7081
22725,det_small,raw_preview,6048,4024,507.4,1,0.5365,0.031442,0,199.6,1,0.752,0.028151,0,311.5,1,0.5365,0.031442,0,199.6,0,0.5365
134735,det_small,raw_preview,8256,5504,679.3,1,0.4155,0.036382,0,320.1,3,0.8393,0.031476,0,388.9,1,0.4155,0.036382,0,320.1,0,0.4155
13093,det_small,raw_preview,8256,5504,597.8,1,0.3594,0.028034,0,279.3,2,0.8729,0.023623,0,326.1,1,0.3594,0.028034,0,279.3,0,0.3594
47876,det_small,raw_preview,8256,5504,1066.9,1,0.6178,0.023344,0,275.9,1,0.9068,0.021027,0,328.5,1,0.6178,0.023344,0,275.9,0,0.6178
3364,det_small,raw_preview,6048,4024,622.3,1,0.4765,0.034814,0,145.3,2,0.6525,0.033256,0,225.4,1,0.4765,0.034814,0,145.3,0,0.4765
67877,det_small,raw_preview,8256,5504,639.2,1,0.2863,0.024501,0,357.3,3,0.8074,0.020829,0,354.6,1,0.2863,0.024501,0,357.3,0,0.2863
234629,det_small,raw_preview,5392,3592,487.5,1,0.5903,0.030053,0,117.2,1,0.6949,0.031209,0,163.8,1,0.5903,0.030053,0,117.2,0,0.5903
17076,det_small,raw_preview,8256,5504,703.3,1,0.7292,0.027155,0,372.2,1,0.8252,0.022465,0,358.6,1,0.7292,0.027155,0,372.2,0,0.7292
18773,det_small,raw_preview,8256,5504,568.1,1,0.3989,0.031988,0,329.4,1,0.7722,0.027422,0,338.4,1,0.3989,0.031988,0,329.4,0,0.3989
155122,det_small,raw_preview,8256,5504,851.5,1,0.7574,0.032618,0,383.4,1,0.9029,0.029542,0,331.1,1,0.7574,0.032618,0,383.4,0,0.7574
213295,det_small,raw_preview,3936,2624,418.3,1,0.7327,0.030274,0,69.1,1,0.8718,0.026621,0,113.9,1,0.7327,0.030274,0,69.1,0,0.7327
33619,det_small,raw_preview,4288,2848,372.4,2,0.8713,0.035887,0,76.0,3,0.9248,0.170366,0,118.7,2,0.8713,0.035887,0,76.0,0,0.8713
44726,det_small,raw_preview,8256,5504,736.6,1,0.5844,0.031966,0,381.7,1,0.4778,0.032068,0,372.2,1,0.5844,0.031966,0,381.7,0,0.5844
44854,det_small,raw_preview,8256,5504,730.6,1,0.7008,0.032876,0,278.7,1,0.8211,0.021079,0,328.7,1,0.7008,0.032876,0,278.7,0,0.7008
44816,det_small,raw_preview,8256,5504,732.0,1,0.8192,0.033214,0,333.7,2,0.8386,0.027874,0,343.1,1,0.8192,0.033214,0,333.7,0,0.8192
17306,det_small,raw_preview,8256,5504,761.7,1,0.7375,0.031497,0,314.5,1,0.8393,0.027835,0,324.7,1,0.7375,0.031497,0,314.5,0,0.7375
7573,det_small,raw_preview,8256,5504,578.9,1,0.5933,0.023263,0,316.1,1,0.8991,0.020583,0,361.8,1,0.5933,0.023263,0,316.1,0,0.5933
18779,det_small,raw_preview,8256,5504,567.9,1,0.3772,0.029462,0,280.4,1,0.7566,0.026292,0,334.0,1,0.3772,0.029462,0,280.4,0,0.3772
135040,det_small,raw_preview,8256,5504,632.8,1,0.7525,0.02485,0,301.7,1,0.8827,0.021069,0,344.8,1,0.7525,0.02485,0,301.7,0,0.7525
4165,det_small,raw_preview,8256,5504,633.9,1,0.3149,0.024889,0,278.5,1,0.8919,0.017868,0,336.9,1,0.3149,0.024889,0,278.5,0,0.3149
37878,det_small,raw_preview,8256,5504,669.8,1,0.6741,0.031719,0,340.6,3,0.7714,0.027251,0,373.1,1,0.6741,0.031719,0,340.6,0,0.6741
71145,det_small,raw_preview,8256,5504,627.7,1,0.7648,0.039417,0,338.1,1,0.8995,0.042527,0,344.6,1,0.7648,0.039417,0,338.1,0,0.7648
41008,det_small,raw_preview,8256,5504,614.6,1,0.5513,0.020804,0,293.4,1,0.8294,0.014572,0,420.0,1,0.5513,0.020804,0,293.4,0,0.5513
13589,det_small,raw_preview,8256,5504,525.9,1,0.8544,0.028446,0,282.4,1,0.8755,0.026572,0,325.5,1,0.8544,0.028446,0,282.4,0,0.8544
206891,det_small,raw_preview,5392,3592,445.5,1,0.3508,0.033945,0,116.9,2,0.7886,0.020532,0,168.3,1,0.3508,0.033945,0,116.9,0,0.3508
135038,det_small,raw_preview,8256,5504,641.1,1,0.6342,0.024361,0,309.8,1,0.9003,0.023117,0,369.5,1,0.6342,0.024361,0,309.8,0,0.6342
1178,det_small,raw_preview,6048,4024,397.6,1,0.6237,0.038341,0,149.5,1,0.7176,0.033862,0,213.8,1,0.6237,0.038341,0,149.5,0,0.6237
7187,det_small,raw_preview,8256,5504,696.7,1,0.6898,0.032807,0,370.7,1,0.8869,0.028978,0,353.7,1,0.6898,0.032807,0,370.7,0,0.6898
36303,det_medium,raw_preview,8256,5504,603.6,1,0.27,0.055422,0,387.1,1,0.7202,0.055455,0,326.6,1,0.27,0.055422,0,387.1,0,0.27
46719,det_medium,raw_preview,8256,5504,608.1,1,0.7957,0.052521,0,280.7,1,0.9102,0.047577,0,374.5,1,0.7957,0.052521,0,280.7,0,0.7957
35904,det_medium,raw_preview,8256,5504,738.5,1,0.8399,0.074914,0,273.2,1,0.7917,0.065764,0,333.0,1,0.8399,0.074914,0,273.2,0,0.8399
5098,det_medium,raw_preview,8256,5504,688.1,1,0.8959,0.066338,0,280.9,1,0.9207,0.066075,0,324.9,1,0.8959,0.066338,0,280.9,0,0.8959
167689,det_medium,raw_preview,8256,5504,694.1,1,0.3334,0.04801,0,309.6,3,0.7969,0.035423,0,327.1,1,0.3334,0.04801,0,309.6,0,0.3334
20413,det_medium,raw_preview,6048,4024,562.2,1,0.6053,0.056506,0,136.4,1,0.8773,0.027314,0,221.6,1,0.6053,0.056506,0,136.4,0,0.6053
7543,det_medium,raw_preview,8256,5504,904.7,1,0.3631,0.046827,0,358.5,1,0.7655,0.022838,0,421.6,1,0.3631,0.046827,0,358.5,0,0.3631
26330,det_medium,raw_preview,4288,2848,400.8,1,0.5839,0.138527,0,79.3,2,0.6998,0.099064,0,143.1,1,0.5839,0.138527,0,79.3,0,0.5839
9466,det_medium,raw_preview,6048,4024,525.4,1,0.5414,0.095758,0,159.8,2,0.8628,0.090594,0,241.2,1,0.5414,0.095758,0,159.8,0,0.5414
48485,det_medium,raw_preview,8256,5504,666.2,1,0.873,0.05319,0,339.6,1,0.9183,0.049697,0,345.6,1,0.873,0.05319,0,339.6,0,0.873
15609,det_medium,raw_preview,6048,4024,441.6,1,0.8774,0.040434,0,145.1,3,0.9232,0.038738,0,222.5,1,0.8774,0.040434,0,145.1,0,0.8774
51190,det_medium,raw_preview,8256,5504,773.5,1,0.8469,0.067871,0,319.9,1,0.8474,0.059082,0,365.8,1,0.8469,0.067871,0,319.9,0,0.8469
46105,det_medium,raw_preview,8256,5504,521.0,1,0.707,0.045641,0,318.5,1,0.8418,0.041327,0,328.2,1,0.707,0.045641,0,318.5,0,0.707
68595,det_medium,raw_preview,8256,5504,702.7,1,0.8261,0.128605,0,310.5,1,0.8465,0.123824,0,407.9,1,0.8261,0.128605,0,310.5,0,0.8261
199079,det_medium,raw_preview,8256,5504,605.9,1,0.3312,0.135453,0,300.3,1,0.9274,0.059175,0,337.7,1,0.3312,0.135453,0,300.3,0,0.3312
39357,det_medium,raw_preview,4288,2848,367.4,1,0.8514,0.091522,0,76.9,1,0.6237,0.093042,0,128.4,1,0.8514,0.091522,0,76.9,0,0.8514
72038,det_medium,raw_preview,8256,5504,749.1,1,0.8234,0.065973,0,337.6,1,0.849,0.065875,0,369.8,1,0.8234,0.065973,0,337.6,0,0.8234
36697,det_medium,raw_preview,8256,5504,722.5,1,0.6525,0.079148,0,288.7,1,0.8002,0.068278,0,329.8,1,0.6525,0.079148,0,288.7,0,0.6525
155879,det_medium,raw_preview,3936,2624,419.0,1,0.7324,0.076547,0,63.4,1,0.6544,0.059709,0,111.5,1,0.7324,0.076547,0,63.4,0,0.7324
161089,det_medium,raw_preview,8256,5504,626.3,1,0.8496,0.087671,0,408.1,1,0.8249,0.07491,0,379.1,1,0.8496,0.087671,0,408.1,0,0.8496
190253,det_medium,raw_preview,8256,5504,803.5,1,0.864,0.106306,0,280.2,1,0.8516,0.099745,0,391.9,1,0.864,0.106306,0,280.2,0,0.864
66742,det_medium,raw_preview,3936,2624,446.6,1,0.8912,0.107079,0,70.9,1,0.9106,0.100034,0,110.9,1,0.8912,0.107079,0,70.9,0,0.8912
162507,det_medium,raw_preview,3936,2624,438.2,1,0.8768,0.041574,0,64.4,1,0.9127,0.03862,0,112.9,1,0.8768,0.041574,0,64.4,0,0.8768
24885,det_medium,raw_preview,4288,2848,484.9,1,0.7621,0.112855,0,69.1,1,0.8135,0.108751,0,121.2,1,0.7621,0.112855,0,69.1,0,0.7621
39224,det_medium,raw_preview,4288,2848,415.9,1,0.8189,0.053489,0,68.2,1,0.75,0.046951,0,113.2,1,0.8189,0.053489,0,68.2,0,0.8189
161291,det_medium,raw_preview,8256,5504,687.3,1,0.8679,0.04385,0,384.7,1,0.9199,0.040441,0,376.1,1,0.8679,0.04385,0,384.7,0,0.8679
31270,det_medium,raw_preview,4288,2848,360.4,2,0.3722,0.141078,0,72.2,2,0.7887,0.174599,0,123.4,2,0.3722,0.141078,0,72.2,0,0.3722
212492,det_medium,raw_preview,5392,3592,469.0,2,0.9,0.10181,0,116.5,3,0.9286,0.098987,0,181.2,2,0.9,0.10181,0,116.5,0,0.9
66683,det_medium,raw_preview,3936,2624,379.8,1,0.848,0.062781,0,64.2,6,0.8819,0.035734,0,110.3,1,0.848,0.062781,0,64.2,0,0.848
68296,det_medium,raw_preview,8256,5504,568.4,1,0.5778,0.045293,0,358.8,2,0.8294,0.038064,0,383.9,1,0.5778,0.045293,0,358.8,0,0.5778
9144,det_medium,raw_preview,6048,4024,511.8,1,0.8932,0.122002,0,137.5,1,0.9199,0.117147,0,210.7,1,0.8932,0.122002,0,137.5,0,0.8932
167588,det_medium,raw_preview,8256,5504,656.7,1,0.5358,0.120139,0,347.2,2,0.8844,0.040887,0,310.4,1,0.5358,0.120139,0,347.2,0,0.5358
5765,det_medium,raw_preview,8256,5504,548.1,1,0.935,0.136863,0,321.7,1,0.934,0.136166,0,313.9,1,0.935,0.136863,0,321.7,0,0.935
175445,det_medium,raw_preview,8256,5504,634.4,1,0.6089,0.06127,0,265.2,1,0.7695,0.075779,0,397.5,1,0.6089,0.06127,0,265.2,0,0.6089
8953,det_medium,raw_preview,6048,4024,563.8,1,0.9251,0.10055,0,149.3,1,0.9321,0.100605,0,186.4,1,0.9251,0.10055,0,149.3,0,0.9251
72777,det_medium,raw_preview,8256,5504,557.1,1,0.3912,0.103241,0,364.1,1,0.3396,0.043225,0,348.6,1,0.3912,0.103241,0,364.1,0,0.3912
7498,det_medium,raw_preview,8256,5504,644.9,1,0.8386,0.093029,0,293.2,1,0.7514,0.044205,0,321.2,1,0.8386,0.093029,0,293.2,0,0.8386
23118,det_medium,raw_preview,6048,4024,504.3,1,0.834,0.104647,0,149.2,1,0.8338,0.101869,0,189.9,1,0.834,0.104647,0,149.2,0,0.834
71896,det_medium,raw_preview,8256,5504,698.9,1,0.5667,0.046025,0,363.4,1,0.7644,0.049949,0,364.6,1,0.5667,0.046025,0,363.4,0,0.5667
161268,det_medium,raw_preview,8256,5504,628.4,1,0.2638,0.118314,0,312.2,1,0.5817,0.039422,0,316.5,1,0.2638,0.118314,0,312.2,0,0.2638
202062,det_medium,raw_preview,3936,2624,393.0,1,0.9117,0.13238,0,63.1,1,0.932,0.130059,0,117.3,1,0.9117,0.13238,0,63.1,0,0.9117
22347,det_medium,raw_preview,6048,4024,498.6,1,0.9015,0.06708,0,159.4,1,0.9316,0.06363,0,203.9,1,0.9015,0.06708,0,159.4,0,0.9015
4799,det_medium,raw_preview,8256,5504,612.9,1,0.7656,0.045475,0,346.4,1,0.7833,0.039362,0,371.3,1,0.7656,0.045475,0,346.4,0,0.7656
64876,det_medium,raw_preview,3936,2624,417.4,1,0.3962,0.057591,0,65.2,3,0.7738,0.096656,0,109.9,1,0.3962,0.057591,0,65.2,0,0.3962
1719,det_medium,raw_preview,6048,4024,505.1,1,0.2675,0.061641,0,148.4,0,,,0,195.3,1,0.2675,0.061641,0,148.4,0,0.2675
19108,det_medium,raw_preview,8256,5504,570.3,1,0.8807,0.070105,0,345.8,1,0.8753,0.072907,0,361.6,1,0.8807,0.070105,0,345.8,0,0.8807
47077,det_medium,raw_preview,8256,5504,625.3,1,0.4367,0.048329,0,320.7,1,0.6733,0.056351,0,327.4,1,0.4367,0.048329,0,320.7,0,0.4367
8825,det_medium,raw_preview,6048,4024,505.5,1,0.3857,0.101128,0,135.9,2,0.2899,0.02961,0,242.5,1,0.3857,0.101128,0,135.9,0,0.3857
41747,det_medium,raw_preview,8256,5504,632.2,1,0.7613,0.045688,0,356.1,1,0.9097,0.041806,0,348.8,1,0.7613,0.045688,0,356.1,0,0.7613
5085,det_medium,raw_preview,8256,5504,604.3,1,0.7617,0.059883,0,296.5,1,0.8891,0.062935,0,300.3,1,0.7617,0.059883,0,296.5,0,0.7617
5716,det_large,raw_preview,8256,5504,595.5,1,0.8231,0.260497,0,319.3,1,0.6863,0.168177,0,356.7,1,0.8231,0.260497,0,319.3,0,0.8231
17320,det_large,raw_preview,8256,5504,674.3,2,0.6244,0.490155,0,267.9,4,0.4194,0.192473,0,402.5,2,0.6244,0.490155,0,267.9,0,0.6244
37420,det_large,raw_preview,8256,5504,570.0,1,0.5585,0.169004,0,301.4,1,0.882,0.07315,0,337.5,1,0.5585,0.169004,0,301.4,0,0.5585
205613,det_large,raw_preview,5392,3592,879.2,1,0.9172,0.194542,0,124.0,1,0.8137,0.187679,0,168.8,1,0.9172,0.194542,0,124.0,0,0.9172
71683,det_large,raw_preview,8256,5504,673.8,1,0.7903,0.269638,0,355.9,1,0.7558,0.216745,0,354.9,1,0.7903,0.269638,0,355.9,0,0.7903
205622,det_large,raw_preview,5392,3592,494.5,1,0.9031,0.198873,0,122.8,1,0.6916,0.182835,0,189.9,1,0.9031,0.198873,0,122.8,0,0.9031
2084,det_large,raw_preview,6048,4024,569.4,1,0.9042,0.255884,0,174.6,2,0.7701,0.158213,0,190.8,1,0.9042,0.255884,0,174.6,0,0.9042
34677,det_large,raw_preview,3936,2624,400.2,1,0.6738,0.165938,0,62.5,2,0.8698,0.13461,0,109.4,1,0.6738,0.165938,0,62.5,0,0.6738
212356,det_large,raw_preview,5392,3592,516.6,1,0.9363,0.27086,0,113.5,1,0.8514,0.256611,0,180.8,1,0.9363,0.27086,0,113.5,0,0.9363
13736,det_large,raw_preview,8256,5504,651.8,1,0.2551,0.384586,0,350.8,2,0.5335,0.133826,0,366.0,1,0.2551,0.384586,0,350.8,0,0.2551
177083,det_large,raw_preview,8256,5504,608.3,1,0.3158,0.339252,0,278.2,1,0.2768,0.313518,0,314.2,1,0.3158,0.339252,0,278.2,0,0.3158
38488,det_large,raw_preview,8256,5504,870.9,1,0.8058,0.287254,0,285.0,2,0.7591,0.262152,0,317.0,1,0.8058,0.287254,0,285.0,0,0.8058
23379,det_large,raw_preview,6048,4024,558.0,1,0.3052,0.321993,0,168.4,0,,,0,197.3,1,0.3052,0.321993,0,168.4,0,0.3052
32617,det_large,raw_preview,4288,2848,374.9,1,0.5257,0.206536,0,69.0,0,,,0,120.6,1,0.5257,0.206536,0,69.0,0,0.5257
212459,det_large,raw_preview,5392,3592,392.0,1,0.7916,0.179918,0,112.9,1,0.887,0.176913,0,186.2,1,0.7916,0.179918,0,112.9,0,0.7916
13302,det_large,raw_preview,8256,5504,784.5,1,0.4709,0.602592,0,352.0,1,0.2527,0.13277,0,351.9,1,0.4709,0.602592,0,352.0,0,0.4709
68657,det_large,raw_preview,8256,5504,549.3,1,0.8728,0.308667,0,271.5,2,0.7791,0.218781,0,320.2,1,0.8728,0.308667,0,271.5,0,0.8728
207378,det_large,raw_preview,5392,3592,412.0,1,0.7859,0.802349,0,143.6,2,0.6933,0.323559,0,180.3,1,0.7859,0.802349,0,143.6,0,0.7859
38586,det_large,raw_preview,8256,5504,716.6,1,0.9157,0.324008,0,321.3,2,0.8678,0.205681,0,364.3,1,0.9157,0.324008,0,321.3,0,0.9157
59331,det_large,raw_preview,2848,4288,467.2,1,0.6427,0.301008,0,99.8,2,0.5192,0.147173,0,124.8,1,0.6427,0.301008,0,99.8,0,0.6427
862,det_large,raw_preview,6048,4024,469.4,1,0.2511,0.244473,0,145.5,1,0.5627,0.033577,0,191.1,1,0.2511,0.244473,0,145.5,0,0.2511
200967,det_large,raw_preview,5392,3592,498.5,1,0.5053,0.15386,0,118.5,1,0.3676,0.140551,0,170.4,1,0.5053,0.15386,0,118.5,0,0.5053
6987,det_large,raw_preview,4024,6048,579.7,1,0.8846,0.317414,0,143.6,1,0.778,0.162935,0,185.8,1,0.8846,0.317414,0,143.6,0,0.8846
14234,det_large,raw_preview,8256,5504,609.5,1,0.4858,0.303809,0,353.4,2,0.4935,0.147644,0,330.9,1,0.4858,0.303809,0,353.4,0,0.4858
40789,det_large,raw_preview,8256,5504,667.8,1,0.6194,0.19727,0,294.7,1,0.373,0.05908,0,311.0,1,0.6194,0.19727,0,294.7,0,0.6194
212363,det_large,raw_preview,5392,3592,507.3,1,0.941,0.308684,0,109.2,1,0.8741,0.312512,0,151.7,1,0.941,0.308684,0,109.2,0,0.941
175493,det_large,raw_preview,8256,5504,585.8,1,0.64,0.290782,0,328.5,1,0.6275,0.174332,0,349.9,1,0.64,0.290782,0,328.5,0,0.64
201905,det_large,raw_preview,5392,3592,479.8,1,0.7746,0.197066,0,119.5,1,0.5401,0.187312,0,185.8,1,0.7746,0.197066,0,119.5,0,0.7746
39367,det_large,raw_preview,4288,2848,342.7,1,0.4546,0.934441,1,76.7,3,0.4024,0.279639,0,117.6,1,0.4546,0.934441,1,76.7,0,0.4546
69773,det_large,raw_preview,8256,5504,633.5,1,0.7458,0.375348,0,395.8,1,0.8479,0.310787,0,384.3,1,0.7458,0.375348,0,395.8,0,0.7458
16885,miss_birdkw,raw_preview,8256,5504,543.5,0,,,0,271.2,2,0.811,0.011457,0,340.1,2,0.7494,0.012732,0,696.7,1,0.109
163475,miss_birdkw,raw_preview,8256,5504,496.4,0,,,0,315.2,0,,,0,367.9,0,,,0,777.7,1,0.0
45130,miss_birdkw,raw_preview,8256,5504,686.0,0,,,0,282.8,1,0.4134,0.014801,0,377.2,0,,,0,705.2,1,0.0569
190538,miss_birdkw,raw_preview,8256,5504,712.9,0,,,0,297.3,1,0.7916,0.024513,0,391.9,4,0.851,0.03102,0,744.7,1,0.0514
8700,miss_birdkw,raw_preview,6048,4024,506.3,0,,,0,150.5,0,,,0,192.5,0,,,0,389.4,1,0.0
154357,miss_birdkw,raw_preview,8256,5504,640.5,0,,,0,344.9,1,0.863,0.024013,0,360.7,2,0.854,0.024242,0,805.3,1,0.0518
68316,miss_birdkw,raw_preview,8256,5504,628.8,0,,,0,307.0,3,0.8914,0.02098,0,321.5,4,0.9173,0.020453,0,733.1,1,0.2076
15777,miss_birdkw,raw_preview,6048,4024,425.3,0,,,0,145.7,0,,,0,212.0,0,,,0,396.2,1,0.1294
67306,miss_birdkw,raw_preview,3936,2624,396.0,0,,,0,60.5,1,0.2504,0.019369,0,111.6,1,0.7121,0.01617,0,207.3,1,0.1091
45135,miss_birdkw,raw_preview,8256,5504,904.5,0,,,0,351.6,1,0.5904,0.021018,0,358.7,0,,,0,785.6,1,0.1151
8102,miss_birdkw,raw_preview,6048,4024,456.5,0,,,0,141.6,0,,,0,211.8,0,,,0,384.5,1,0.0755
17965,miss_birdkw,raw_preview,3936,2624,395.6,0,,,0,63.6,1,0.8004,0.023103,0,107.7,1,0.7948,0.022479,0,209.8,1,0.0
37978,miss_birdkw,raw_preview,8256,5504,591.5,0,,,0,347.4,2,0.3741,0.360668,0,394.8,3,0.5266,0.35656,0,858.5,1,0.2335
13427,miss_birdkw,raw_preview,8256,5504,670.7,0,,,0,301.3,0,,,0,335.9,0,,,0,728.2,1,0.0
13121,miss_birdkw,raw_preview,8256,5504,560.9,0,,,0,319.5,1,0.853,0.022515,0,358.5,2,0.745,0.02297,0,840.9,1,0.0976
7204,miss_birdkw,raw_preview,8256,5504,824.8,0,,,0,317.3,2,0.5401,0.011341,0,331.6,3,0.6514,0.01044,0,747.0,1,0.1206
14742,miss_birdkw,raw_preview,6048,4024,542.0,0,,,0,137.4,2,0.2777,0.202983,0,216.3,2,0.6198,0.291838,0,380.7,1,0.1412
73428,miss_birdkw,raw_preview,8256,5504,507.1,0,,,0,312.1,0,,,0,361.0,0,,,0,772.1,1,0.0
73591,miss_birdkw,raw_preview,8256,5504,750.7,0,,,0,280.9,0,,,0,322.8,0,,,0,710.5,1,0.0
16112,miss_birdkw,raw_preview,4024,6048,525.6,0,,,0,136.4,0,,,0,207.8,0,,,0,379.0,1,0.0
135093,miss_birdkw,raw_preview,8256,5504,644.8,0,,,0,350.6,1,0.6935,0.012179,0,362.1,0,,,0,809.6,1,0.0
135105,miss_birdkw,raw_preview,8256,5504,666.2,0,,,0,292.5,1,0.7893,0.01582,0,317.0,1,0.6815,0.015227,0,696.6,1,0.2273
64954,miss_birdkw,raw_preview,3936,2624,380.0,0,,,0,61.7,1,0.4728,0.025789,0,107.0,2,0.4925,0.022513,0,216.5,1,0.2218
163424,miss_birdkw,raw_preview,8256,5504,504.6,0,,,0,308.8,1,0.4985,0.069086,0,370.1,1,0.6257,0.069884,0,841.7,1,0.0
70539,miss_birdkw,raw_preview,8256,5504,508.9,0,,,0,265.6,1,0.7075,0.009932,0,379.0,1,0.7488,0.009801,0,678.2,1,0.0
72061,miss_birdkw,raw_preview,8256,5504,632.7,0,,,0,304.8,1,0.4843,0.014193,0,416.7,0,,,0,834.9,1,0.0
37991,miss_birdkw,raw_preview,8256,5504,725.7,0,,,0,323.8,2,0.8079,0.039296,0,322.6,2,0.3866,0.02651,0,749.7,1,0.107
70428,miss_birdkw,raw_preview,8256,5504,481.0,0,,,0,332.8,0,,,0,363.6,2,0.3839,0.317715,0,872.1,1,0.0579
38411,miss_birdkw,raw_preview,8256,5504,633.2,0,,,0,332.7,1,0.4126,0.013484,0,333.8,1,0.7686,0.010953,0,765.4,1,0.146
13528,miss_birdkw,raw_preview,8256,5504,508.5,0,,,0,379.4,1,0.578,0.012523,0,370.7,1,0.7644,0.012374,0,920.9,1,0.0957
5251,miss_birdkw,raw_preview,8256,5504,604.6,0,,,0,301.0,1,0.6124,0.019106,0,327.2,1,0.2927,0.0181,0,757.1,1,0.0
10835,miss_birdkw,raw_preview,6048,4024,540.5,0,,,0,145.4,1,0.5319,0.071771,0,207.9,0,,,0,397.1,1,0.0
66457,miss_birdkw,raw_preview,3936,2624,393.4,0,,,0,60.5,0,,,0,106.2,1,0.361,0.065721,0,205.0,1,0.0
8178,miss_birdkw,raw_preview,6048,4024,435.8,0,,,0,165.0,1,0.4472,0.026781,0,195.0,0,,,0,391.2,1,0.0
48798,miss_birdkw,raw_preview,8256,5504,616.3,0,,,0,336.6,1,0.902,0.039094,0,363.8,1,0.8813,0.026369,0,825.3,1,0.1937
9542,miss_birdkw,raw_preview,6048,4024,505.7,0,,,0,156.9,2,0.3324,0.013826,0,192.5,2,0.8427,0.014283,0,411.7,1,0.1073
153170,miss_birdkw,raw_preview,8256,5504,615.1,0,,,0,358.7,2,0.8318,0.03638,0,393.1,1,0.8054,0.03615,0,868.8,1,0.0
18600,miss_birdkw,raw_preview,3936,2624,441.7,0,,,0,65.0,0,,,0,110.5,0,,,0,213.9,1,0.0
16193,miss_birdkw,raw_preview,6048,4024,412.0,0,,,0,143.2,1,0.3239,0.011689,0,193.4,0,,,0,373.8,1,0.0
135448,miss_birdkw,raw_preview,8256,5504,567.4,0,,,0,322.4,1,0.617,0.255787,0,361.9,2,0.4004,0.217914,0,839.0,1,0.1154
17137,miss_birdkw,raw_preview,8256,5504,703.5,0,,,0,292.3,1,0.8533,0.026572,0,325.4,0,,,0,746.4,1,0.0
15184,miss_birdkw,raw_preview,4288,2848,346.3,0,,,0,74.8,1,0.7532,0.078338,0,118.3,1,0.4384,0.092758,0,247.1,1,0.1707
44068,miss_birdkw,raw_preview,8256,5504,622.0,0,,,0,371.1,0,,,0,387.7,0,,,0,918.0,1,0.0
22645,miss_birdkw,raw_preview,6048,4024,926.4,0,,,0,136.5,1,0.4212,0.099279,0,197.8,3,0.7336,0.28677,0,374.6,1,0.1155
135493,miss_birdkw,raw_preview,8256,5504,606.0,0,,,0,357.5,4,0.6207,0.035951,0,340.0,3,0.661,0.019742,0,812.5,1,0.0
167610,miss_birdkw,raw_preview,8256,5504,681.1,0,,,0,294.2,3,0.8315,0.041582,0,304.5,3,0.8027,0.042324,0,667.0,1,0.0
66423,miss_birdkw,raw_preview,3936,2624,395.1,0,,,0,64.2,2,0.8961,0.017017,0,110.9,2,0.9026,0.017341,0,221.2,1,0.1393
17542,miss_birdkw,raw_preview,8256,5504,623.9,0,,,0,374.2,1,0.6917,0.018817,0,374.9,1,0.7238,0.017116,0,958.1,1,0.0517
21356,miss_birdkw,raw_preview,6048,4024,474.1,0,,,0,133.5,0,,,0,194.9,0,,,0,374.7,1,0.0
168022,miss_birdkw,raw_preview,8256,5504,917.7,0,,,0,338.1,1,0.8076,0.050372,0,339.1,1,0.8871,0.043542,0,774.4,1,0.0
35053,miss_birdkw,raw_preview,3936,2624,409.7,0,,,0,63.8,3,0.5034,0.188149,0,112.1,1,0.3824,0.062709,0,211.9,1,0.2467
5473,miss_birdkw,raw_preview,8256,5504,647.7,0,,,0,336.1,1,0.6723,0.047271,0,360.9,0,,,0,881.5,1,0.2079
6327,miss_birdkw,raw_preview,6048,4024,575.1,0,,,0,165.1,1,0.2511,0.028665,0,202.7,1,0.5022,0.065142,0,407.8,1,0.1681
20059,miss_birdkw,raw_preview,3936,2624,390.9,0,,,0,63.6,1,0.8766,0.018607,0,110.5,1,0.8584,0.018898,0,214.2,1,0.0
6122,miss_birdkw,raw_preview,8256,5504,621.3,0,,,0,350.7,1,0.6807,0.009738,0,362.9,1,0.8244,0.009798,0,861.0,1,0.0
43073,miss_birdkw,raw_preview,3936,2624,616.0,0,,,0,62.4,2,0.763,0.01443,0,111.9,2,0.6307,0.039387,0,223.8,1,0.0
34825,miss_birdkw,raw_preview,3936,2624,453.9,0,,,0,62.6,1,0.7206,0.05335,0,100.3,0,,,0,197.3,1,0.1493
34064,miss_birdkw,raw_preview,4288,2848,392.7,0,,,0,63.2,0,,,0,101.4,1,0.3418,0.203583,0,205.2,1,0.0
48694,miss_birdkw,raw_preview,8256,5504,662.1,0,,,0,343.4,0,,,0,340.1,0,,,0,786.5,1,0.0
21436,miss_birdkw,raw_preview,6048,4024,515.2,0,,,0,168.3,0,,,0,196.2,0,,,0,412.8,1,0.0
167319,miss_birdkw,raw_preview,8256,5504,696.7,0,,,0,351.8,2,0.5151,0.044345,0,361.5,1,0.7532,0.031313,0,814.0,1,0.1117
14066,miss_birdkw,raw_preview,8256,5504,689.1,0,,,0,309.7,1,0.5289,0.063733,0,314.5,0,,,0,721.2,1,0.0
21717,miss_birdkw,raw_preview,6048,4024,727.6,0,,,0,133.2,0,,,0,197.3,0,,,0,377.6,1,0.0
34618,miss_birdkw,raw_preview,3936,2624,451.6,0,,,0,66.3,2,0.8551,0.023361,0,113.2,2,0.8507,0.022948,0,220.3,1,0.0
49049,miss_birdkw,raw_preview,8256,5504,645.7,0,,,0,372.8,1,0.8328,0.027343,0,389.9,1,0.8904,0.027308,0,904.4,1,0.1844
7535,miss_birdkw,raw_preview,8256,5504,662.5,0,,,0,300.7,1,0.8247,0.019031,0,349.1,1,0.7152,0.018351,0,738.3,1,0.072
41302,miss_birdkw,raw_preview,3936,2624,422.7,0,,,0,60.9,2,0.7096,0.017869,0,111.2,2,0.7865,0.017933,0,226.2,1,0.1827
963,miss_birdkw,raw_preview,6048,4024,528.4,0,,,0,136.6,2,0.4121,0.15197,0,196.0,3,0.6269,0.194792,0,371.3,1,0.1155
10712,miss_birdkw,raw_preview,6048,4024,529.9,0,,,0,156.0,1,0.5725,0.014255,0,193.4,3,0.6341,0.014515,0,399.6,1,0.0
49700,miss_birdkw,raw_preview,3936,2624,405.1,0,,,0,60.7,0,,,0,107.9,0,,,0,198.3,1,0.0
134984,miss_birdkw,raw_preview,8256,5504,643.2,0,,,0,332.9,1,0.85,0.015887,0,358.0,4,0.8793,0.015569,0,770.8,1,0.0881
15681,miss_birdkw,raw_preview,6048,4024,523.7,0,,,0,164.3,1,0.5941,0.009336,0,205.2,1,0.3231,0.009823,0,411.5,1,0.1598
152438,miss_birdkw,raw_preview,3936,2624,426.5,0,,,0,64.4,2,0.7861,0.014207,0,107.6,1,0.6433,0.014432,0,214.1,1,0.0
163455,miss_birdkw,raw_preview,8256,5504,552.2,0,,,0,330.0,0,,,0,371.4,0,,,0,813.1,1,0.0
14526,miss_birdkw,raw_preview,8256,5504,530.0,0,,,0,288.9,0,,,0,321.7,0,,,0,728.9,1,0.0
153388,miss_birdkw,raw_preview,8256,5504,576.0,0,,,0,314.6,2,0.5691,0.039317,0,344.7,1,0.3677,0.069088,0,781.4,1,0.0767
43591,miss_birdkw,raw_preview,3936,2624,467.0,0,,,0,62.9,0,,,0,109.5,0,,,0,212.8,1,0.0
50593,miss_birdkw,raw_preview,8256,5504,591.9,0,,,0,357.7,2,0.4936,0.329333,0,378.9,3,0.7686,0.051192,0,887.4,1,0.0989
14254,miss_birdkw,raw_preview,8256,5504,615.3,0,,,0,311.2,1,0.509,0.009025,0,324.5,0,,,0,733.0,1,0.0
146874,miss_birdkw,raw_preview,8256,5504,599.0,0,,,0,351.7,2,0.7517,0.016525,0,362.9,2,0.8299,0.016525,0,883.7,1,0.0956
17710,miss_birdkw,raw_preview,3936,2624,432.3,0,,,0,66.1,1,0.2922,0.01326,0,111.3,0,,,0,220.2,1,0.0589
47247,miss_birdkw,raw_preview,8256,5504,781.7,0,,,0,336.5,1,0.3968,0.05952,0,384.8,0,,,0,873.9,1,0.1867
15765,miss_birdkw,raw_preview,6048,4024,422.7,0,,,0,148.7,2,0.7098,0.321998,0,199.9,2,0.7718,0.323724,0,391.7,1,0.144
25243,miss_birdkw,raw_preview,4288,2848,353.8,0,,,0,64.5,0,,,0,117.2,0,,,0,217.9,1,0.0
146991,miss_birdkw,raw_preview,8256,5504,688.3,0,,,0,340.7,0,,,0,382.1,1,0.6356,0.022527,0,831.5,1,0.1709
17764,miss_birdkw,raw_preview,3936,2624,387.8,0,,,0,62.4,1,0.7815,0.010737,0,109.9,1,0.5075,0.010882,0,213.0,1,0.0
9830,miss_birdkw,raw_preview,6048,4024,557.9,0,,,0,163.9,2,0.543,0.319093,0,185.4,1,0.3355,0.245626,0,390.5,1,0.0
23282,miss_birdkw,raw_preview,6048,4024,461.7,0,,,0,157.4,1,0.812,0.022578,0,191.3,1,0.5618,0.022114,0,403.9,1,0.0799
146732,miss_birdkw,raw_preview,3936,2624,888.6,0,,,0,66.7,3,0.3615,0.330639,0,110.1,3,0.5944,0.355719,0,216.5,1,0.2437
4384,miss_birdkw,raw_preview,8256,5504,551.2,0,,,0,365.5,0,,,0,361.5,0,,,0,803.9,1,0.0
22951,miss_nokw,raw_preview,4024,6048,475.4,0,,,0,123.6,1,0.7557,0.111801,0,179.7,1,0.4747,0.100297,0,358.4,1,0.0843
213088,miss_nokw,raw_preview,3936,2624,357.2,0,,,0,59.1,0,,,0,104.5,0,,,0,203.2,1,0.0
68917,miss_nokw,raw_preview,8256,5504,545.2,0,,,0,395.9,1,0.2581,0.187239,0,382.2,0,,,0,932.7,1,0.0
214523,miss_nokw,raw_preview,3936,2624,478.1,0,,,0,70.6,0,,,0,113.6,0,,,0,219.4,1,0.0
26275,miss_nokw,raw_preview,4288,2848,361.7,0,,,0,67.7,2,0.5891,0.307606,0,121.0,1,0.3723,0.22698,0,224.6,1,0.0752
25034,miss_nokw,raw_preview,4288,2848,406.9,0,,,0,87.7,1,0.791,0.051179,0,119.1,1,0.567,0.05143,0,242.4,1,0.0
216049,miss_nokw,raw_preview,5392,3592,697.7,0,,,0,131.1,1,0.5343,0.021007,0,174.3,1,0.356,0.02068,0,335.9,1,0.0
27137,miss_nokw,raw_preview,4288,2848,395.8,0,,,0,68.3,1,0.6786,0.046113,0,115.8,1,0.4889,0.038753,0,221.0,1,0.0646
40630,miss_nokw,raw_preview,8256,5504,632.5,0,,,0,351.4,2,0.3638,0.189513,0,362.0,2,0.8529,0.025496,0,797.9,1,0.1369
15497,miss_nokw,raw_preview,6048,4024,433.6,0,,,0,153.1,2,0.5104,0.064041,0,194.0,3,0.5235,0.075459,0,396.3,1,0.0
39023,miss_nokw,raw_preview,4288,2848,378.7,0,,,0,70.1,0,,,0,123.7,0,,,0,232.0,1,0.0
25262,miss_nokw,raw_preview,4288,2848,346.0,0,,,0,64.9,3,0.3305,0.21362,0,109.6,1,0.5004,0.317367,0,215.7,1,0.061
30521,miss_nokw,raw_preview,4288,2848,386.9,0,,,0,80.4,1,0.2764,0.102806,0,108.6,2,0.8319,0.0698,0,238.4,1,0.0
1723,miss_nokw,raw_preview,6048,4024,466.9,0,,,0,138.6,0,,,0,209.2,1,0.3179,0.010088,0,371.0,1,0.0
215351,miss_nokw,raw_preview,6048,4024,453.2,0,,,0,169.2,0,,,0,194.5,0,,,0,405.0,1,0.0586
31062,miss_nokw,raw_preview,4288,2848,336.4,0,,,0,70.2,0,,,0,115.3,0,,,0,222.1,1,0.0
24493,miss_nokw,raw_preview,6048,4024,715.0,0,,,0,178.4,0,,,0,206.5,0,,,0,399.6,1,0.0
39002,miss_nokw,raw_preview,4288,2848,387.6,0,,,0,68.3,0,,,0,117.5,0,,,0,225.9,1,0.0902
30953,miss_nokw,raw_preview,4288,2848,364.9,0,,,0,77.5,1,0.7715,0.230386,0,118.3,4,0.6297,0.233191,0,241.5,1,0.2364
154494,miss_nokw,raw_preview,8256,5504,652.8,0,,,0,373.3,2,0.6791,0.117862,0,378.9,2,0.4225,0.093749,0,855.2,1,0.0503
31783,miss_nokw,raw_preview,4288,2848,344.7,0,,,0,73.9,3,0.3032,0.334906,0,120.7,1,0.3095,0.354895,0,242.0,1,0.0
2304,miss_nokw,raw_preview,6048,4024,519.7,0,,,0,147.0,2,0.4886,0.01644,0,221.3,0,,,0,380.1,1,0.0
199874,miss_nokw,raw_preview,3936,2624,418.2,0,,,0,64.9,0,,,0,108.5,0,,,0,214.5,1,0.0
27373,miss_nokw,raw_preview,4288,2848,362.7,0,,,0,70.0,3,0.6541,0.01726,0,113.5,3,0.7021,0.022367,0,232.1,1,0.0601
10528,miss_nokw,raw_preview,6048,4024,535.9,0,,,0,175.3,1,0.3386,0.111085,0,209.0,1,0.3054,0.071077,0,409.4,1,0.0
1774,miss_nokw,raw_preview,6048,4024,443.3,0,,,0,162.6,0,,,0,194.0,0,,,0,405.1,1,0.0
192566,miss_nokw,raw_preview,8256,5504,647.4,0,,,0,349.9,2,0.7927,0.014976,0,346.5,1,0.6474,0.015306,0,832.0,1,0.0
22993,miss_nokw,raw_preview,6048,4024,516.4,0,,,0,152.9,2,0.5271,0.177678,0,208.9,1,0.6351,0.246769,0,392.2,1,0.2072
40408,miss_nokw,raw_preview,4288,2848,365.4,0,,,0,69.4,0,,,0,115.4,0,,,0,222.4,1,0.0
29047,miss_nokw,raw_preview,4288,2848,366.4,0,,,0,65.1,0,,,0,105.7,0,,,0,211.9,1,0.0
214093,miss_nokw,raw_preview,3936,2624,412.9,0,,,0,57.3,0,,,0,99.3,0,,,0,185.8,1,0.168
30478,miss_nokw,raw_preview,4288,2848,386.2,0,,,0,62.2,0,,,0,84.9,1,0.3794,0.199448,0,192.0,1,0.0
10444,miss_nokw,raw_preview,6048,4024,426.8,0,,,0,162.2,1,0.5815,0.139901,0,187.3,2,0.7377,0.079701,0,384.5,1,0.0539
15477,miss_nokw,raw_preview,6048,4024,621.5,0,,,0,162.8,0,,,0,187.7,0,,,0,412.7,1,0.0
26163,miss_nokw,raw_preview,4288,2848,317.0,0,,,0,70.0,0,,,0,123.1,0,,,0,226.0,1,0.0
30813,miss_nokw,raw_preview,4288,2848,350.4,0,,,0,72.3,1,0.3131,0.05287,0,108.6,0,,,0,222.6,1,0.0
154218,miss_nokw,raw_preview,8256,5504,685.8,0,,,0,372.0,1,0.6273,0.113368,0,375.5,0,,,0,831.3,1,0.0
24150,miss_nokw,raw_preview,6048,4024,505.7,0,,,0,170.0,1,0.3759,0.161944,0,194.1,1,0.511,0.143831,0,408.9,1,0.0
10259,miss_nokw,raw_preview,6048,4024,417.8,0,,,0,145.9,0,,,0,187.5,1,0.4363,0.011647,0,385.8,1,0.0
39615,miss_nokw,raw_preview,4288,2848,362.1,0,,,0,69.2,1,0.4988,0.020842,0,126.3,0,,,0,233.5,1,0.0
24188,miss_nokw,raw_preview,6048,4024,443.6,0,,,0,143.4,1,0.5367,0.178957,0,208.8,2,0.7155,0.072247,0,385.9,1,0.1914
32673,miss_nokw,raw_preview,4288,2848,386.9,0,,,0,70.0,1,0.427,0.029402,0,113.8,2,0.443,0.030077,0,216.5,1,0.0
29748,miss_nokw,raw_preview,4288,2848,362.2,0,,,0,67.2,0,,,0,106.4,0,,,0,215.3,1,0.0
27493,miss_nokw,raw_preview,4288,2848,362.0,0,,,0,60.7,0,,,0,81.4,1,0.3793,0.2982,0,189.2,1,0.0
200163,miss_nokw,raw_preview,8256,5504,590.4,0,,,0,360.5,1,0.7914,0.060334,0,373.4,1,0.7489,0.06479,0,814.2,1,0.204
33230,miss_nokw,raw_preview,4288,2848,370.9,0,,,0,68.3,0,,,0,124.3,0,,,0,230.1,1,0.0
59369,miss_nokw,raw_preview,4288,2848,377.3,0,,,0,71.4,1,0.5652,0.08932,0,112.1,3,0.8296,0.061649,0,221.3,1,0.1342
212559,miss_nokw,raw_preview,5392,3592,424.9,0,,,0,107.4,1,0.8337,0.015076,0,181.7,2,0.8038,0.015626,0,301.3,1,0.0604
154796,miss_nokw,raw_preview,8256,5504,680.1,0,,,0,364.6,1,0.498,0.068412,0,363.2,0,,,0,824.7,1,0.0
14342,miss_nokw,raw_preview,8256,5504,766.5,0,,,0,291.2,0,,,0,324.0,0,,,0,698.2,1,0.0
206939,miss_nokw,raw_preview,5392,3592,425.1,0,,,0,116.8,1,0.624,0.028638,0,167.5,1,0.4541,0.027125,0,321.4,1,0.0
39968,miss_nokw,raw_preview,4288,2848,343.9,0,,,0,82.5,1,0.554,0.20063,0,111.7,0,,,0,237.7,1,0.0
31756,miss_nokw,raw_preview,4288,2848,360.1,0,,,0,70.4,1,0.2503,0.043764,0,113.0,1,0.777,0.028468,0,229.1,1,0.0
24196,miss_nokw,raw_preview,6048,4024,462.5,0,,,0,169.0,1,0.4299,0.014162,0,192.5,1,0.3021,0.067449,0,415.6,1,0.0
190559,miss_nokw,raw_preview,8256,5504,641.6,0,,,0,344.8,1,0.2908,0.099072,0,353.6,1,0.4441,0.345862,0,792.9,1,0.1869
33101,miss_nokw,raw_preview,4288,2848,379.6,0,,,0,75.5,1,0.37,0.159641,0,121.4,1,0.3856,0.138357,0,244.0,1,0.0
29099,miss_nokw,raw_preview,4288,2848,328.4,0,,,0,69.7,2,0.4587,0.224131,0,109.4,0,,,0,219.8,1,0.0
28728,miss_nokw,raw_preview,4288,2848,342.5,0,,,0,69.0,3,0.6524,0.249772,0,108.8,2,0.5213,0.260548,0,216.6,1,0.248
190188,miss_nokw,raw_preview,8256,5504,893.7,0,,,0,358.8,0,,,0,377.1,0,,,0,873.4,1,0.2356
29433,miss_nokw,raw_preview,4288,2848,351.9,0,,,0,70.6,1,0.4448,0.043044,0,125.7,1,0.4509,0.059935,0,230.5,1,0.0
208165,eagle,raw_preview,5392,3592,428.4,1,0.8312,0.084311,0,114.9,1,0.4789,0.07258,0,167.6,1,0.8312,0.084311,0,114.9,0,0.8312
208176,eagle,raw_preview,5392,3592,409.6,1,0.7707,0.06647,0,126.4,1,0.873,0.063572,0,153.2,1,0.7707,0.06647,0,126.4,0,0.7707
208179,eagle,raw_preview,5392,3592,394.6,1,0.6612,0.931371,1,115.0,2,0.5823,0.13969,0,170.2,1,0.6612,0.931371,1,115.0,0,0.6612
208181,eagle,raw_preview,5392,3592,378.6,2,0.6868,0.306693,0,115.9,2,0.4305,0.059503,0,160.0,2,0.6868,0.306693,0,115.9,0,0.6868
208189,eagle,raw_preview,5392,3592,432.4,1,0.8657,0.06586,0,121.9,1,0.8948,0.060011,0,186.0,1,0.8657,0.06586,0,121.9,0,0.8657
208187,eagle,raw_preview,5392,3592,365.8,1,0.5689,0.061141,0,115.7,1,0.7207,0.052501,0,158.5,1,0.5689,0.061141,0,115.7,0,0.5689
208190,eagle,raw_preview,5392,3592,340.6,1,0.8645,0.050442,0,119.3,1,0.8246,0.050988,0,192.4,1,0.8645,0.050442,0,119.3,0,0.8645
208186,eagle,raw_preview,5392,3592,367.5,1,0.8945,0.056788,0,113.5,1,0.9157,0.053843,0,166.2,1,0.8945,0.056788,0,113.5,0,0.8945
208193,eagle,raw_preview,5392,3592,636.8,1,0.8907,0.052666,0,113.4,1,0.8954,0.049908,0,184.3,1,0.8907,0.052666,0,113.4,0,0.8907
208192,eagle,raw_preview,5392,3592,349.5,1,0.8846,0.049885,0,112.3,1,0.9107,0.048708,0,158.4,1,0.8846,0.049885,0,112.3,0,0.8846
208194,eagle,raw_preview,5392,3592,346.7,1,0.7843,0.040486,0,116.6,1,0.8979,0.039821,0,185.6,1,0.7843,0.040486,0,116.6,0,0.7843
208195,eagle,raw_preview,5392,3592,376.0,1,0.8421,0.041709,0,114.3,1,0.8443,0.039076,0,158.7,1,0.8421,0.041709,0,114.3,0,0.8421
208199,eagle,raw_preview,5392,3592,339.9,1,0.8885,0.044731,0,113.7,1,0.9173,0.042804,0,173.7,1,0.8885,0.044731,0,113.7,0,0.8885
208203,eagle,raw_preview,5392,3592,336.1,1,0.8949,0.044377,0,118.1,1,0.9069,0.04296,0,161.1,1,0.8949,0.044377,0,118.1,0,0.8949
208197,eagle,raw_preview,5392,3592,336.4,1,0.839,0.048473,0,116.4,1,0.8981,0.046301,0,188.6,1,0.839,0.048473,0,116.4,0,0.839
208196,eagle,raw_preview,5392,3592,357.3,1,0.9029,0.051785,0,111.8,1,0.9117,0.049032,0,167.4,1,0.9029,0.051785,0,111.8,0,0.9029
208200,eagle,raw_preview,5392,3592,375.0,0,,,0,115.7,1,0.9163,0.052288,0,187.9,1,0.7028,0.050821,0,342.9,1,0.0687
208198,eagle,raw_preview,5392,3592,395.5,2,0.4751,0.218648,0,117.1,1,0.8126,0.085962,0,162.1,2,0.4751,0.218648,0,117.1,0,0.4751
208204,eagle,raw_preview,5392,3592,384.0,1,0.3144,0.246584,0,115.6,2,0.5813,0.170196,0,182.4,1,0.3144,0.246584,0,115.6,0,0.3144
208205,eagle,raw_preview,5392,3592,451.3,1,0.2956,0.4679,0,111.1,3,0.5927,0.043457,0,157.6,1,0.2956,0.4679,0,111.1,0,0.2956
208202,eagle,raw_preview,5392,3592,420.5,1,0.786,0.08063,0,120.6,1,0.8794,0.085099,0,186.2,1,0.786,0.08063,0,120.6,0,0.786
208201,eagle,raw_preview,5392,3592,403.8,0,,,0,126.9,1,0.8094,0.04737,0,162.0,1,0.3028,0.05191,0,339.3,1,0.0
208209,eagle,raw_preview,5392,3592,376.8,0,,,0,95.4,2,0.4425,0.062581,0,162.1,1,0.4971,0.119575,0,301.7,1,0.2298
208206,eagle,raw_preview,5392,3592,385.8,0,,,0,102.5,0,,,0,164.1,0,,,0,307.7,1,0.1131
208211,eagle,raw_preview,5392,3592,400.5,0,,,0,113.9,2,0.5149,0.018074,0,160.9,0,,,0,317.1,1,0.0772
208214,eagle,raw_preview,5392,3592,374.9,0,,,0,110.3,1,0.4417,0.017817,0,155.8,0,,,0,328.6,1,0.0
208212,eagle,raw_preview,5392,3592,473.1,0,,,0,113.9,1,0.4501,0.018433,0,163.3,1,0.4968,0.169571,0,332.2,1,0.0
208210,eagle,raw_preview,5392,3592,422.5,0,,,0,110.9,0,,,0,153.7,0,,,0,312.3,1,0.0814
208218,eagle,raw_preview,5392,3592,417.0,0,,,0,113.2,0,,,0,153.6,0,,,0,303.1,1,0.0
208223,eagle,raw_preview,5392,3592,709.4,0,,,0,118.1,1,0.2829,0.100397,0,164.2,0,,,0,327.8,1,0.0658
208219,eagle,raw_preview,5392,3592,427.7,0,,,0,98.5,1,0.5507,0.020535,0,163.2,1,0.472,0.125579,0,298.5,1,0.0517
208217,eagle,raw_preview,5392,3592,405.8,0,,,0,129.8,1,0.4827,0.025981,0,150.8,0,,,0,323.9,1,0.0
208215,eagle,raw_preview,5392,3592,388.1,0,,,0,91.4,1,0.4552,0.020082,0,151.2,1,0.2605,0.113347,0,281.8,1,0.0
208226,eagle,raw_preview,5392,3592,391.0,0,,,0,132.3,0,,,0,149.1,1,0.4065,0.106888,0,334.5,1,0.0
208221,eagle,raw_preview,5392,3592,389.6,0,,,0,107.3,1,0.6908,0.020129,0,159.3,0,,,0,303.5,1,0.0
208222,eagle,raw_preview,5392,3592,417.3,0,,,0,130.4,0,,,0,148.0,0,,,0,319.3,1,0.0
208228,eagle,raw_preview,5392,3592,455.0,0,,,0,106.9,0,,,0,157.7,0,,,0,297.8,1,0.0
208224,eagle,raw_preview,5392,3592,414.8,0,,,0,143.0,1,0.5497,0.014717,0,162.6,0,,,0,348.5,1,0.0
208225,eagle,raw_preview,5392,3592,384.2,0,,,0,111.4,1,0.7915,0.015084,0,164.5,1,0.3011,0.195176,0,324.8,1,0.0
208232,eagle,raw_preview,5392,3592,376.5,0,,,0,134.6,1,0.6661,0.016003,0,166.1,0,,,0,342.2,1,0.0
208237,eagle,raw_preview,5392,3592,371.3,0,,,0,109.6,1,0.6891,0.017104,0,162.2,1,0.2689,0.12818,0,307.0,1,0.0
208238,eagle,raw_preview,5392,3592,450.8,0,,,0,139.7,1,0.868,0.0162,0,151.9,1,0.5521,0.017014,0,331.2,1,0.0516
208243,eagle,raw_preview,5392,3592,375.5,0,,,0,113.0,2,0.8164,0.019552,0,166.2,1,0.3019,0.015878,0,316.6,1,0.0
208241,eagle,raw_preview,5392,3592,376.1,0,,,0,123.9,1,0.3632,0.017068,0,155.5,2,0.4509,0.031924,0,325.4,1,0.0
208244,eagle,raw_preview,5392,3592,394.8,0,,,0,112.3,2,0.8037,0.017542,0,171.9,2,0.7587,0.017056,0,320.7,1,0.0728
208245,eagle,raw_preview,5392,3592,392.8,0,,,0,124.3,1,0.3965,0.01597,0,163.9,0,,,0,334.5,1,0.0878
208250,eagle,raw_preview,5392,3592,600.0,0,,,0,123.2,2,0.6247,0.016441,0,178.4,1,0.4575,0.146457,0,327.6,1,0.0
208249,eagle,raw_preview,5392,3592,394.8,0,,,0,136.6,1,0.7081,0.015304,0,154.1,1,0.4158,0.155606,0,331.9,1,0.0928
208255,eagle,raw_preview,5392,3592,374.5,0,,,0,107.0,1,0.8492,0.017375,0,157.2,1,0.6215,0.016779,0,300.9,1,0.0
208262,eagle,raw_preview,5392,3592,524.6,0,,,0,136.2,1,0.8572,0.017101,0,152.1,1,0.4366,0.016058,0,327.1,1,0.0
208265,eagle,raw_preview,5392,3592,468.5,0,,,0,115.4,1,0.8235,0.017242,0,161.2,2,0.7541,0.016684,0,324.2,1,0.0549
208264,eagle,raw_preview,5392,3592,381.4,0,,,0,95.5,1,0.8201,0.017126,0,155.7,2,0.5791,0.015378,0,296.2,1,0.0912
208266,eagle,raw_preview,5392,3592,419.3,0,,,0,109.5,1,0.765,0.016795,0,149.3,2,0.3999,0.016917,0,310.3,1,0.1367
208268,eagle,raw_preview,5392,3592,375.5,0,,,0,93.9,1,0.7727,0.015826,0,154.9,1,0.5512,0.015174,0,290.1,1,0.0
208272,eagle,raw_preview,5392,3592,431.9,0,,,0,144.8,1,0.818,0.016947,0,169.9,2,0.5981,0.016948,0,348.5,1,0.0
208274,eagle,raw_preview,5392,3592,394.3,0,,,0,114.2,1,0.7725,0.01588,0,168.6,2,0.763,0.018949,0,313.5,1,0.1701
208280,eagle,raw_preview,5392,3592,384.9,0,,,0,126.2,1,0.8016,0.016935,0,163.9,2,0.5832,0.221059,0,343.8,1,0.2143
208285,eagle,raw_preview,5392,3592,365.0,0,,,0,113.8,2,0.7662,0.015996,0,164.6,2,0.6229,0.018307,0,325.8,1,0.1104
208297,eagle,raw_preview,5392,3592,550.9,0,,,0,116.3,1,0.7899,0.016357,0,173.0,2,0.6264,0.279963,0,325.4,1,0.2112
